instname,n,p,q,nonzeroA,nonzeroG,cbfbytes,epinormeucldim,epinorminfdim,epinormspectraldim,epiperexpdim,epipersquaredim,hypogeomeandim,hypoperlogdim,hypoperlogdettridim,nonnegativedim,nonpositivedim,semidefiniterealdim,semidefinitecomplexdim,powerdim,wsospolyinterprealdim,wsospolyinterpcomplexdim,epinormeucl,epinorminf,epinormspectral,epiperexp,epipersquare,hypogeomean,hypoperlog,hypoperlogdettri,nonnegative,nonpositive,semidefinitereal,semidefinitecomplex,power,wsospolyinterpreal,wsospolyinterpcomplex,isdiscrete
2D-TopOpt-Cantilever_60x40_50,67201,38520,47804,257600,73409,1057516,0,0,0,0,33600,0,0,0,9502,4702,0,0,0,0,0,0,0,0,0,2400,0,0,0,1,1,0,0,0,0,0,true
2D-TopOpt-MBB_60x40_50,67201,38560,47804,258548,73409,1052462,0,0,0,0,33600,0,0,0,9502,4702,0,0,0,0,0,0,0,0,0,2400,0,0,0,1,1,0,0,0,0,0,true
2D-TopOpt-Zhou-Rozvany_75,2801,1670,1702,10656,1801,41051,0,0,0,0,1400,0,0,0,201,101,0,0,0,0,0,0,0,0,0,100,0,0,0,1,1,0,0,0,0,0,true
2g_4_164_k3_5_6,120,0,408,0,840,3667,0,0,0,0,0,0,0,0,272,0,136,0,0,0,0,0,0,0,0,0,0,0,0,1,0,1,0,0,0,0,true
2g_5_25_k3_8_9,300,0,975,0,2100,9181,0,0,0,0,0,0,0,0,650,0,325,0,0,0,0,0,0,0,0,0,0,0,0,1,0,1,0,0,0,0,true
2g_6_701_k7_5_6,630,0,1998,0,4410,19274,0,0,0,0,0,0,0,0,1332,0,666,0,0,0,0,0,0,0,0,0,0,0,0,1,0,1,0,0,0,0,true
2g_6_701_k8_4_5,630,0,1998,0,4410,19275,0,0,0,0,0,0,0,0,1332,0,666,0,0,0,0,0,0,0,0,0,0,0,0,1,0,1,0,0,0,0,true
2g_6_701_k9_4_4,630,0,1998,0,4410,19269,0,0,0,0,0,0,0,0,1332,0,666,0,0,0,0,0,0,0,0,0,0,0,0,1,0,1,0,0,0,0,true
2g_7_77_k3_16_17,1176,0,3675,0,8232,36011,0,0,0,0,0,0,0,0,2450,0,1225,0,0,0,0,0,0,0,0,0,0,0,0,1,0,1,0,0,0,0,true
2pm_5_55_k7_3_4,300,0,975,0,2100,8970,0,0,0,0,0,0,0,0,650,0,325,0,0,0,0,0,0,0,0,0,0,0,0,1,0,1,0,0,0,0,true
2pm_5_55_k8_3_4,300,0,975,0,2100,8976,0,0,0,0,0,0,0,0,650,0,325,0,0,0,0,0,0,0,0,0,0,0,0,1,0,1,0,0,0,0,true
2pm_5_55_k9_2_3,300,0,975,0,2100,8966,0,0,0,0,0,0,0,0,650,0,325,0,0,0,0,0,0,0,0,0,0,0,0,1,0,1,0,0,0,0,true
2x3_3bars,37,0,140,0,249,1212,0,0,0,0,0,0,0,0,85,0,55,0,0,0,0,0,0,0,0,0,0,0,0,1,0,1,0,0,0,0,true
2x4_2scen_3bars,64,0,284,0,497,2395,0,0,0,0,0,0,0,0,148,0,136,0,0,0,0,0,0,0,0,0,0,0,0,1,0,1,0,0,0,0,true
2x4_16bars,337,0,799,0,2627,12616,0,0,0,0,0,0,0,0,694,0,105,0,0,0,0,0,0,0,0,0,0,0,0,1,0,1,0,0,0,0,true
2x5_1scen_3bars_nominal,97,0,396,0,819,3846,0,0,0,0,0,0,0,0,225,0,171,0,0,0,0,0,0,0,0,0,0,0,0,1,0,1,0,0,0,0,true
2x5_1scen_12bars,385,0,972,0,3267,15694,0,0,0,0,0,0,0,0,801,0,171,0,0,0,0,0,0,0,0,0,0,0,0,1,0,1,0,0,0,0,true
2x7_3bars,181,0,772,0,1701,8225,0,0,0,0,0,0,0,0,421,0,351,0,0,0,0,0,0,0,0,0,0,0,0,1,0,1,0,0,0,0,true
3g_244_244_k2_16_16,496,0,1584,0,3472,15193,0,0,0,0,0,0,0,0,1056,0,528,0,0,0,0,0,0,0,0,0,0,0,0,1,0,1,0,0,0,0,true
3g_244_244_k3_10_11,496,0,1584,0,3472,15214,0,0,0,0,0,0,0,0,1056,0,528,0,0,0,0,0,0,0,0,0,0,0,0,1,0,1,0,0,0,0,true
3g_244_244_k4_8_8,496,0,1584,0,3472,15219,0,0,0,0,0,0,0,0,1056,0,528,0,0,0,0,0,0,0,0,0,0,0,0,1,0,1,0,0,0,0,true
3pm_234_234_k2_12_12,276,0,900,0,1932,8275,0,0,0,0,0,0,0,0,600,0,300,0,0,0,0,0,0,0,0,0,0,0,0,1,0,1,0,0,0,0,true
3pm_234_234_k3_8_8,276,0,900,0,1932,8223,0,0,0,0,0,0,0,0,600,0,300,0,0,0,0,0,0,0,0,0,0,0,0,1,0,1,0,0,0,0,true
3pm_234_234_k4_6_6,276,0,900,0,1932,8230,0,0,0,0,0,0,0,0,600,0,300,0,0,0,0,0,0,0,0,0,0,0,0,1,0,1,0,0,0,0,true
3x3_2bars_3scen,53,0,302,0,391,1860,0,0,0,0,0,0,0,0,131,0,171,0,0,0,0,0,0,0,0,0,0,0,0,1,0,1,0,0,0,0,true
3x3_2fixed_8bars,225,0,613,0,1843,8458,0,0,0,0,0,0,0,0,477,0,136,0,0,0,0,0,0,0,0,0,0,0,0,1,0,1,0,0,0,0,true
3x4_1scen_4bars,189,0,634,0,1555,7240,0,0,0,0,0,0,0,0,424,0,210,0,0,0,0,0,0,0,0,0,0,0,0,1,0,1,0,0,0,0,true
4x4_1bar,84,0,601,0,717,3558,0,0,0,0,0,0,0,0,250,0,351,0,0,0,0,0,0,0,0,0,0,0,0,1,0,1,0,0,0,0,true
4x5_2bars,255,0,1164,0,2235,10900,0,0,0,0,0,0,0,0,636,0,528,0,0,0,0,0,0,0,0,0,0,0,0,1,0,1,0,0,0,0,true
5x5_1bar,197,0,1492,0,1869,9335,0,0,0,0,0,0,0,0,589,0,903,0,0,0,0,0,0,0,0,0,0,0,0,1,0,1,0,0,0,0,true
10_0_1_w,1440,293,5601,989,20636,68068,0,0,0,0,720,0,0,0,3259,1622,0,0,0,0,0,0,0,0,0,240,0,0,0,1,1,0,0,0,0,0,true
10_0_2_w,1440,288,5640,984,20757,68216,0,0,0,0,720,0,0,0,3288,1632,0,0,0,0,0,0,0,0,0,240,0,0,0,1,1,0,0,0,0,0,true
10_std,1440,264,5712,960,20627,65702,0,0,0,0,720,0,0,0,3312,1680,0,0,0,0,0,0,0,0,0,240,0,0,0,1,1,0,0,0,0,0,true
20_0_1_w,2880,541,11145,1957,39900,131652,0,0,0,0,1440,0,0,0,6419,3286,0,0,0,0,0,0,0,0,0,480,0,0,0,1,1,0,0,0,0,0,true
20_0_2_w,2880,530,11106,1946,39280,130401,0,0,0,0,1440,0,0,0,6358,3308,0,0,0,0,0,0,0,0,0,480,0,0,0,1,1,0,0,0,0,0,true
50_0_1_w,7200,1309,27633,4885,97752,312804,0,0,0,0,3600,0,0,0,15803,8230,0,0,0,0,0,0,0,0,0,1200,0,0,0,1,1,0,0,0,0,0,true
50_0_2_w,7200,1308,27852,4884,99495,318451,0,0,0,0,3600,0,0,0,16020,8232,0,0,0,0,0,0,0,0,0,1200,0,0,0,1,1,0,0,0,0,0,true
75_0_1_w,10800,1962,41226,7338,144269,452917,0,0,0,0,5400,0,0,0,23502,12324,0,0,0,0,0,0,0,0,0,1800,0,0,0,1,1,0,0,0,0,0,true
75_0_2_w,10800,1940,41460,7316,146368,462608,0,0,0,0,5400,0,0,0,23692,12368,0,0,0,0,0,0,0,0,0,1800,0,0,0,1,1,0,0,0,0,0,true
100_0_1_w,14400,2578,55410,9754,196766,621402,0,0,0,0,7200,0,0,0,31718,16492,0,0,0,0,0,0,0,0,0,2400,0,0,0,1,1,0,0,0,0,0,true
100_0_2_w,14400,2609,55365,9785,196824,620704,0,0,0,0,7200,0,0,0,31735,16430,0,0,0,0,0,0,0,0,0,2400,0,0,0,1,1,0,0,0,0,0,true
150_0_1_w,21600,3913,82965,14689,295005,927053,0,0,0,0,10800,0,0,0,47543,24622,0,0,0,0,0,0,0,0,0,3600,0,0,0,1,1,0,0,0,0,0,true
150_0_2_w,21600,3911,82899,14687,294193,921666,0,0,0,0,10800,0,0,0,47473,24626,0,0,0,0,0,0,0,0,0,3600,0,0,0,1,1,0,0,0,0,0,true
200_0_1_w,28800,5170,110418,19546,389681,1218242,0,0,0,0,14400,0,0,0,63110,32908,0,0,0,0,0,0,0,0,0,4800,0,0,0,1,1,0,0,0,0,0,true
200_0_10_w,28800,5084,104988,19460,350456,1117064,0,0,0,0,14400,0,0,0,57508,33080,0,0,0,0,0,0,0,0,0,4800,0,0,0,1,1,0,0,0,0,0,true
2013_firL1Linfeps,59173,30085,59173,9873426,59173,74012602,59172,0,0,0,0,0,0,0,1,0,0,0,0,0,0,19724,0,0,0,0,0,0,0,1,0,0,0,0,0,0,false
2013_firL2L1alph,49612,30268,49612,9985771,49612,75751416,49611,0,0,0,0,0,0,0,1,0,0,0,0,0,0,9923,0,0,0,0,0,0,0,1,0,0,0,0,0,0,false
achtziger_stolpe06-6.1flowc,157,90,159,217,210,1911,0,0,0,0,78,0,0,0,53,28,0,0,0,0,0,0,0,0,0,26,0,0,0,1,1,0,0,0,0,0,true
achtziger_stolpe06-6.2flowc,3781,1974,3783,5995,5042,38263,0,0,0,0,1890,0,0,0,1261,632,0,0,0,0,0,0,0,0,0,630,0,0,0,1,1,0,0,0,0,0,true
achtziger_stolpe06-6.5bflowc,10765,5428,11066,15364,15849,105380,0,0,0,0,5382,0,0,0,3589,2095,0,0,0,0,0,0,0,0,0,1794,0,0,0,1,1,0,0,0,0,0,true
achtziger_stolpe06-6.5flowc,1795,943,1797,2714,2394,18087,0,0,0,0,897,0,0,0,599,301,0,0,0,0,0,0,0,0,0,299,0,0,0,1,1,0,0,0,0,0,true
achtziger_stolpe07-5.1flowc,3781,1974,3783,5995,5042,38280,0,0,0,0,1890,0,0,0,1261,632,0,0,0,0,0,0,0,0,0,630,0,0,0,1,1,0,0,0,0,0,true
achtziger_stolpe07-5.2bflowc,2593,1344,2667,3577,3818,24766,0,0,0,0,1296,0,0,0,865,506,0,0,0,0,0,0,0,0,0,432,0,0,0,1,1,0,0,0,0,0,true
achtziger_stolpe07-5.2flowc,433,264,435,629,578,4304,0,0,0,0,216,0,0,0,145,74,0,0,0,0,0,0,0,0,0,72,0,0,0,1,1,0,0,0,0,0,true
achtziger_stolpe07-5.3flowc,499,273,501,724,666,4972,0,0,0,0,249,0,0,0,167,85,0,0,0,0,0,0,0,0,0,83,0,0,0,1,1,0,0,0,0,0,true
as_conic_100_100_hard_set1_1_cap10,13901,3701,14101,8301,15300,55510,0,0,0,0,3600,0,0,0,10400,101,0,0,0,0,0,0,0,0,0,1200,0,0,0,1,1,0,0,0,0,0,true
as_conic_100_100_hard_set1_1_cap100,13901,3701,14101,8301,15300,55512,0,0,0,0,3600,0,0,0,10400,101,0,0,0,0,0,0,0,0,0,1200,0,0,0,1,1,0,0,0,0,0,true
as_conic_100_100_hard_set5_1_cap10,13901,3701,14101,8301,15300,55333,0,0,0,0,3600,0,0,0,10400,101,0,0,0,0,0,0,0,0,0,1200,0,0,0,1,1,0,0,0,0,0,true
as_conic_100_100_hard_set5_1_cap100,13901,3701,14101,8301,15300,55335,0,0,0,0,3600,0,0,0,10400,101,0,0,0,0,0,0,0,0,0,1200,0,0,0,1,1,0,0,0,0,0,true
as_conic_200_20_set1_10_cap10,16301,12081,16521,28121,20720,176784,0,0,0,0,12060,0,0,0,4260,201,0,0,0,0,0,0,0,0,0,4020,0,0,0,1,1,0,0,0,0,0,true
as_conic_200_20_set5_10_cap10,16301,12081,16521,28120,20719,176393,0,0,0,0,12060,0,0,0,4260,201,0,0,0,0,0,0,0,0,0,4020,0,0,0,1,1,0,0,0,0,0,true
as_conic_500_50_set1_10_cap100,100751,75201,101301,175301,126800,1069737,0,0,0,0,75150,0,0,0,25650,501,0,0,0,0,0,0,0,0,0,25050,0,0,0,1,1,0,0,0,0,0,true
as_conic_500_50_set5_10_cap100,100751,75201,101301,175300,126799,1069043,0,0,0,0,75150,0,0,0,25650,501,0,0,0,0,0,0,0,0,0,25050,0,0,0,1,1,0,0,0,0,0,true
as_conic_frozenpizza_2_cap10,2902,2011,3127,4681,4014,39176,0,0,0,0,2007,0,0,0,897,223,0,0,0,0,0,0,0,0,0,669,0,0,0,1,1,0,0,0,0,0,true
as_conic_frozenpizza_2_cap100,2902,2011,3127,4681,4014,39178,0,0,0,0,2007,0,0,0,897,223,0,0,0,0,0,0,0,0,0,669,0,0,0,1,1,0,0,0,0,0,true
as_conic_frozenpizza_5_cap10,2902,2011,3127,4681,4014,39258,0,0,0,0,2007,0,0,0,897,223,0,0,0,0,0,0,0,0,0,669,0,0,0,1,1,0,0,0,0,0,true
as_conic_frozenpizza_5_cap100,2902,2011,3127,4681,4014,39260,0,0,0,0,2007,0,0,0,897,223,0,0,0,0,0,0,0,0,0,669,0,0,0,1,1,0,0,0,0,0,true
as_conic_mc_100_100_hard_set1_1_cap10,13901,4701,18501,8301,26300,130572,0,0,0,0,3600,0,0,0,12600,2301,0,0,0,0,0,0,0,0,0,1200,0,0,0,1,1,0,0,0,0,0,true
as_conic_mc_100_100_hard_set1_1_cap100,13901,13701,18501,8301,26300,129742,0,0,0,0,3600,0,0,0,12600,2301,0,0,0,0,0,0,0,0,0,1200,0,0,0,1,1,0,0,0,0,0,true
as_conic_mc_100_100_hard_set5_1_cap10,13901,4701,18501,8301,26300,130129,0,0,0,0,3600,0,0,0,12600,2301,0,0,0,0,0,0,0,0,0,1200,0,0,0,1,1,0,0,0,0,0,true
as_conic_mc_100_100_hard_set5_1_cap100,13901,13701,18501,8301,26300,129300,0,0,0,0,3600,0,0,0,12600,2301,0,0,0,0,0,0,0,0,0,1200,0,0,0,1,1,0,0,0,0,0,true
as_conic_mc_200_20_set1_10_cap10,16301,12281,32521,28121,60720,391236,0,0,0,0,12060,0,0,0,12260,8201,0,0,0,0,0,0,0,0,0,4020,0,0,0,1,1,0,0,0,0,0,true
as_conic_mc_200_20_set1_10_cap100,16301,14081,32521,28121,60720,400688,0,0,0,0,12060,0,0,0,12260,8201,0,0,0,0,0,0,0,0,0,4020,0,0,0,1,1,0,0,0,0,0,true
as_conic_mc_200_20_set5_10_cap10,16301,12282,32521,28120,60719,390029,0,0,0,0,12060,0,0,0,12260,8201,0,0,0,0,0,0,0,0,0,4020,0,0,0,1,1,0,0,0,0,0,true
as_conic_mc_200_20_set5_10_cap100,16301,14081,32521,28120,60719,400033,0,0,0,0,12060,0,0,0,12260,8201,0,0,0,0,0,0,0,0,0,4020,0,0,0,1,1,0,0,0,0,0,true
as_conic_mc_500_50_set1_10_cap20,100751,76201,201301,175301,376800,2357026,0,0,0,0,75150,0,0,0,75650,50501,0,0,0,0,0,0,0,0,0,25050,0,0,0,1,1,0,0,0,0,0,true
as_conic_mc_500_50_set1_10_cap100,100751,80202,201301,175301,376800,2343871,0,0,0,0,75150,0,0,0,75650,50501,0,0,0,0,0,0,0,0,0,25050,0,0,0,1,1,0,0,0,0,0,true
as_conic_mc_500_50_set5_10_cap20,100751,76203,201301,175300,376799,2349498,0,0,0,0,75150,0,0,0,75650,50501,0,0,0,0,0,0,0,0,0,25050,0,0,0,1,1,0,0,0,0,0,true
as_conic_mc_500_50_set5_10_cap100,100751,80203,201301,175300,376799,2347194,0,0,0,0,75150,0,0,0,75650,50501,0,0,0,0,0,0,0,0,0,25050,0,0,0,1,1,0,0,0,0,0,true
as_conic_mc_frozenpizza_2_cap10,2902,2041,5791,4681,10674,81886,0,0,0,0,2007,0,0,0,2229,1555,0,0,0,0,0,0,0,0,0,669,0,0,0,1,1,0,0,0,0,0,true
as_conic_mc_frozenpizza_2_cap100,2902,2312,5791,4681,10674,84703,0,0,0,0,2007,0,0,0,2229,1555,0,0,0,0,0,0,0,0,0,669,0,0,0,1,1,0,0,0,0,0,true
as_conic_mc_frozenpizza_5_cap10,2902,2041,5791,4681,10674,81834,0,0,0,0,2007,0,0,0,2229,1555,0,0,0,0,0,0,0,0,0,669,0,0,0,1,1,0,0,0,0,0,true
as_conic_mc_frozenpizza_5_cap100,2902,2312,5791,4681,10674,84271,0,0,0,0,2007,0,0,0,2229,1555,0,0,0,0,0,0,0,0,0,669,0,0,0,1,1,0,0,0,0,0,true
b1bigflowc,2677,1216,3388,4216,5266,35304,0,0,0,0,1128,0,0,0,1317,943,0,0,0,0,0,0,0,0,0,376,0,0,0,1,1,0,0,0,0,0,true
beam7,112705,112201,219366,15063181,219359,57651286,504,0,0,0,0,0,0,0,106654,112208,0,0,0,0,0,7,0,0,0,0,0,0,0,1,1,0,0,0,0,0,false
bridge_2x5_5bars,96,0,315,0,673,2917,0,0,0,0,0,0,0,0,210,0,105,0,0,0,0,0,0,0,0,0,0,0,0,1,0,1,0,0,0,0,true
bridge_2x10_2bars_2scen,89,0,887,0,713,3157,0,0,0,0,0,0,0,0,221,0,666,0,0,0,0,0,0,0,0,0,0,0,0,1,0,1,0,0,0,0,true
bridge_3x5_4bars_nominal,137,0,497,0,994,4379,0,0,0,0,0,0,0,0,307,0,190,0,0,0,0,0,0,0,0,0,0,0,0,1,0,1,0,0,0,0,true
bridge_3x5_4bars,137,0,517,0,995,4365,0,0,0,0,0,0,0,0,307,0,210,0,0,0,0,0,0,0,0,0,0,0,0,1,0,1,0,0,0,0,true
bridge_3x6_2bars_2scen,87,0,622,0,665,2968,0,0,0,0,0,0,0,0,216,0,406,0,0,0,0,0,0,0,0,0,0,0,0,1,0,1,0,0,0,0,true
bridge_3x8_1bar_2scen,62,0,1004,0,499,2317,0,0,0,0,0,0,0,0,184,0,820,0,0,0,0,0,0,0,0,0,0,0,0,1,0,1,0,0,0,0,true
bridge_3x9_2bars,141,0,1341,0,1155,5068,0,0,0,0,0,0,0,0,351,0,990,0,0,0,0,0,0,0,0,0,0,0,0,1,0,1,0,0,0,0,true
chainsing-1000-1,12976,8982,9982,16966,9982,91517,0,0,0,0,8982,0,0,0,500,500,0,0,0,0,0,0,0,0,0,2994,0,0,0,1,1,0,0,0,0,0,false
chainsing-1000-2,9985,6988,7988,13975,7988,74435,0,0,0,0,6988,0,0,0,500,500,0,0,0,0,0,0,0,0,0,1997,0,0,0,1,1,0,0,0,0,0,false
chainsing-10000-1,129976,89982,99982,169966,99982,899852,0,0,0,0,89982,0,0,0,5000,5000,0,0,0,0,0,0,0,0,0,29994,0,0,0,1,1,0,0,0,0,0,false
chainsing-10000-2,99985,69988,79988,139975,79988,709147,0,0,0,0,69988,0,0,0,5000,5000,0,0,0,0,0,0,0,0,0,19997,0,0,0,1,1,0,0,0,0,0,false
chainsing-50000-1,649976,449982,499982,849966,499982,4497295,0,0,0,0,449982,0,0,0,25000,25000,0,0,0,0,0,0,0,0,0,149994,0,0,0,1,1,0,0,0,0,0,false
chainsing-50000-2,499985,349988,399988,699975,399988,3562998,0,0,0,0,349988,0,0,0,25000,25000,0,0,0,0,0,0,0,0,0,99997,0,0,0,1,1,0,0,0,0,0,false
ck_n25_m10_o1_1,556,521,590,812,611,4614,0,0,0,0,270,0,0,0,285,35,0,0,0,0,0,0,0,0,0,10,0,0,0,1,1,0,0,0,0,0,true
ck_n25_m10_o5_1,556,521,590,812,611,4635,0,0,0,0,270,0,0,0,285,35,0,0,0,0,0,0,0,0,0,10,0,0,0,1,1,0,0,0,0,0,true
ck_n25_m20_o1_1,1086,1041,1130,1618,1167,8592,0,0,0,0,540,0,0,0,545,45,0,0,0,0,0,0,0,0,0,20,0,0,0,1,1,0,0,0,0,0,true
ck_n25_m20_o5_1,1086,1041,1130,1618,1167,8628,0,0,0,0,540,0,0,0,545,45,0,0,0,0,0,0,0,0,0,20,0,0,0,1,1,0,0,0,0,0,true
ck_n50_m10_o1_1,1081,1021,1140,1589,1188,8741,0,0,0,0,520,0,0,0,560,60,0,0,0,0,0,0,0,0,0,10,0,0,0,1,1,0,0,0,0,0,true
ck_n50_m10_o5_1,1081,1021,1140,1589,1188,8780,0,0,0,0,520,0,0,0,560,60,0,0,0,0,0,0,0,0,0,10,0,0,0,1,1,0,0,0,0,0,true
ck_n50_m20_o1_1,2111,2041,2180,3201,2300,16437,0,0,0,0,1040,0,0,0,1070,70,0,0,0,0,0,0,0,0,0,20,0,0,0,1,1,0,0,0,0,0,true
ck_n50_m20_o5_1,2111,2041,2180,3201,2300,16506,0,0,0,0,1040,0,0,0,1070,70,0,0,0,0,0,0,0,0,0,20,0,0,0,1,1,0,0,0,0,0,true
ck_n75_m10_o1_1,1606,1521,1690,2402,1801,13601,0,0,0,0,770,0,0,0,835,85,0,0,0,0,0,0,0,0,0,10,0,0,0,1,1,0,0,0,0,0,true
ck_n75_m10_o5_1,1606,1521,1690,2402,1801,13642,0,0,0,0,770,0,0,0,835,85,0,0,0,0,0,0,0,0,0,10,0,0,0,1,1,0,0,0,0,0,true
ck_n75_m20_o1_1,3136,3041,3230,4825,3474,26457,0,0,0,0,1540,0,0,0,1595,95,0,0,0,0,0,0,0,0,0,20,0,0,0,1,1,0,0,0,0,0,true
ck_n75_m20_o5_1,3136,3041,3230,4825,3474,26548,0,0,0,0,1540,0,0,0,1595,95,0,0,0,0,0,0,0,0,0,20,0,0,0,1,1,0,0,0,0,0,true
classical_20_0,62,23,124,442,162,4396,21,0,0,0,0,0,0,0,41,62,0,0,0,0,0,1,0,0,0,0,0,0,0,1,1,0,0,0,0,0,true
classical_20_1,62,23,124,442,162,4420,21,0,0,0,0,0,0,0,41,62,0,0,0,0,0,1,0,0,0,0,0,0,0,1,1,0,0,0,0,0,true
classical_30_0,92,33,184,962,242,8820,31,0,0,0,0,0,0,0,61,92,0,0,0,0,0,1,0,0,0,0,0,0,0,1,1,0,0,0,0,0,true
classical_30_1,92,33,184,962,242,8803,31,0,0,0,0,0,0,0,61,92,0,0,0,0,0,1,0,0,0,0,0,0,0,1,1,0,0,0,0,0,true
classical_40_0,122,43,244,1682,322,14808,41,0,0,0,0,0,0,0,81,122,0,0,0,0,0,1,0,0,0,0,0,0,0,1,1,0,0,0,0,0,true
classical_40_1,122,43,244,1682,322,14827,41,0,0,0,0,0,0,0,81,122,0,0,0,0,0,1,0,0,0,0,0,0,0,1,1,0,0,0,0,0,true
classical_50_0,152,53,304,2602,402,23512,51,0,0,0,0,0,0,0,101,152,0,0,0,0,0,1,0,0,0,0,0,0,0,1,1,0,0,0,0,0,true
classical_50_1,152,53,304,2602,402,23284,51,0,0,0,0,0,0,0,101,152,0,0,0,0,0,1,0,0,0,0,0,0,0,1,1,0,0,0,0,0,true
classical_200_0,602,203,1204,40402,1602,398346,201,0,0,0,0,0,0,0,401,602,0,0,0,0,0,1,0,0,0,0,0,0,0,1,1,0,0,0,0,0,true
classical_200_1,602,203,1204,40402,1602,397831,201,0,0,0,0,0,0,0,401,602,0,0,0,0,0,1,0,0,0,0,0,0,0,1,1,0,0,0,0,0,true
clay0203h,139,25,414,103,714,2981,144,0,0,0,0,0,0,0,270,0,0,0,0,0,0,48,0,0,0,0,0,0,0,1,0,0,0,0,0,0,true
clay0203m,79,7,294,25,342,2264,144,0,0,0,0,0,0,0,150,0,0,0,0,0,0,48,0,0,0,0,0,0,0,1,0,0,0,0,0,0,true
clay0205h,341,66,940,301,1600,7026,240,0,0,0,0,0,0,0,700,0,0,0,0,0,0,80,0,0,0,0,0,0,0,1,0,0,0,0,0,0,true
clay0205m,161,16,580,71,740,4423,240,0,0,0,0,0,0,0,340,0,0,0,0,0,0,80,0,0,0,0,0,0,0,1,0,0,0,0,0,0,true
clay0303h,172,25,540,112,942,3878,216,0,0,0,0,0,0,0,324,0,0,0,0,0,0,72,0,0,0,0,0,0,0,1,0,0,0,0,0,0,true
clay0303m,106,7,408,28,456,3043,216,0,0,0,0,0,0,0,192,0,0,0,0,0,0,72,0,0,0,0,0,0,0,1,0,0,0,0,0,0,true
clay0305h,396,66,1150,316,1980,8548,360,0,0,0,0,0,0,0,790,0,0,0,0,0,0,120,0,0,0,0,0,0,0,1,0,0,0,0,0,0,true
clay0305m,206,16,770,76,930,5752,360,0,0,0,0,0,0,0,410,0,0,0,0,0,0,120,0,0,0,0,0,0,0,1,0,0,0,0,0,0,true
clique_20_k3_6_7,190,0,630,0,1330,6177,0,0,0,0,0,0,0,0,420,0,210,0,0,0,0,0,0,0,0,0,0,0,0,1,0,1,0,0,0,0,true
clique_30_k3_10_10,435,0,1395,0,3045,14390,0,0,0,0,0,0,0,0,930,0,465,0,0,0,0,0,0,0,0,0,0,0,0,1,0,1,0,0,0,0,true
clique_40_k3_13_14,780,0,2460,0,5460,25005,0,0,0,0,0,0,0,0,1640,0,820,0,0,0,0,0,0,0,0,0,0,0,0,1,0,1,0,0,0,0,true
clique_50_k3_16_17,1225,0,3825,0,8575,39963,0,0,0,0,0,0,0,0,2550,0,1275,0,0,0,0,0,0,0,0,0,0,0,0,1,0,1,0,0,0,0,true
clique_60_k10_6_6,1770,0,5490,0,12390,59672,0,0,0,0,0,0,0,0,3660,0,1830,0,0,0,0,0,0,0,0,0,0,0,0,1,0,1,0,0,0,0,true
clique_70_k3_23_24,2415,0,7455,0,16905,82357,0,0,0,0,0,0,0,0,4970,0,2485,0,0,0,0,0,0,0,0,0,0,0,0,1,0,1,0,0,0,0,true
clsq_random_32_2_a,33,0,1011,0,28992,206074,0,0,0,0,0,0,0,0,65,0,946,0,0,0,0,0,0,0,0,0,0,0,0,1,0,1,0,0,0,0,true
clsq_random_32_8_a,33,0,14261,0,448993,3297741,0,0,0,0,0,0,0,0,65,0,14196,0,0,0,0,0,0,0,0,0,0,0,0,1,0,1,0,0,0,0,true
clsq_random_64_2_a,65,0,2475,0,145985,1048344,0,0,0,0,0,0,0,0,129,0,2346,0,0,0,0,0,0,0,0,0,0,0,0,1,0,1,0,0,0,0,true
clsq_random_64_8_a,65,0,36175,0,2289984,17374337,0,0,0,0,0,0,0,0,129,0,36046,0,0,0,0,0,0,0,0,0,0,0,0,1,0,1,0,0,0,0,true
clsq_random_96_2_a,97,0,4564,0,410976,2979808,0,0,0,0,0,0,0,0,193,0,4371,0,0,0,0,0,0,0,0,0,0,0,0,1,0,1,0,0,0,0,true
clsq_random_96_8_a,97,0,67721,0,6447742,50059676,0,0,0,0,0,0,0,0,193,0,67528,0,0,0,0,0,0,0,0,0,0,0,0,1,0,1,0,0,0,0,true
clsq_random_128_2_a,129,0,7278,0,883969,6511736,0,0,0,0,0,0,0,0,257,0,7021,0,0,0,0,0,0,0,0,0,0,0,0,1,0,1,0,0,0,0,true
clsq_random_128_6_a,129,0,62033,0,7862777,61402293,0,0,0,0,0,0,0,0,257,0,61776,0,0,0,0,0,0,0,0,0,0,0,0,1,0,1,0,0,0,0,true
coloncancer_1_100_5,101,0,2217,0,195601,1297280,0,0,0,0,0,0,0,0,201,0,2016,0,0,0,0,0,0,0,0,0,0,0,0,1,0,1,0,0,0,0,true
coloncancer_101_200_7,101,0,2217,0,195601,1329026,0,0,0,0,0,0,0,0,201,0,2016,0,0,0,0,0,0,0,0,0,0,0,0,1,0,1,0,0,0,0,true
coloncancer_201_300_9,101,0,2217,0,195601,1323542,0,0,0,0,0,0,0,0,201,0,2016,0,0,0,0,0,0,0,0,0,0,0,0,1,0,1,0,0,0,0,true
coloncancer_1001_1100_6,101,0,2217,0,195601,1329130,0,0,0,0,0,0,0,0,201,0,2016,0,0,0,0,0,0,0,0,0,0,0,0,1,0,1,0,0,0,0,true
db-joint-soerensen,1478669,1146466,1269849,4330688,1706361,24247523,437040,0,0,0,0,0,0,0,270989,561820,0,0,0,0,0,145680,0,0,0,0,0,0,0,1,1,0,0,0,0,0,false
db-plane-strain-prism,227201,195360,134401,684592,179201,3342352,67200,0,0,0,0,0,0,0,22401,44800,0,0,0,0,0,22400,0,0,0,0,0,0,0,1,1,0,0,0,0,0,false
db-plate-yield-line-fox,395065,336192,438960,1309387,438960,9661636,0,0,0,0,263376,0,0,0,175584,0,0,0,0,0,0,0,0,0,0,87792,0,0,0,1,0,0,0,0,0,0,false
db-plate-yield-line,330508,281940,367230,1104710,367230,8485419,0,0,0,0,220338,0,0,0,146892,0,0,0,0,0,0,0,0,0,0,73446,0,0,0,1,0,0,0,0,0,0,false
db-shear-wall,43339,28812,49122,110801,67049,739135,14325,0,0,0,0,0,0,0,13558,21239,0,0,0,0,0,4775,0,0,0,0,0,0,0,1,1,0,0,0,0,0,false
demonst_1bar_3scen,65,0,658,0,639,3086,0,0,0,0,0,0,0,0,193,0,465,0,0,0,0,0,0,0,0,0,0,0,0,1,0,1,0,0,0,0,true
demonst_2bars_2scen,129,0,727,0,1269,5893,0,0,0,0,0,0,0,0,321,0,406,0,0,0,0,0,0,0,0,0,0,0,0,1,0,1,0,0,0,0,true
demonstsmall_1bar_4scen,28,0,335,0,251,1308,0,0,0,0,0,0,0,0,82,0,253,0,0,0,0,0,0,0,0,0,0,0,0,1,0,1,0,0,0,0,true
demonstsmall_2bar_2scen_nominal,56,0,377,0,810,3171,0,0,0,0,0,0,0,0,137,0,240,0,0,0,0,0,0,0,0,0,0,0,0,1,0,2,0,0,0,0,true
demonstsmall_3bar_2scen_nominal,83,0,431,0,1213,4751,0,0,0,0,0,0,0,0,191,0,240,0,0,0,0,0,0,0,0,0,0,0,0,1,0,2,0,0,0,0,true
demonstsmall_5bar_1scen_nominal,136,0,418,0,1212,5445,0,0,0,0,0,0,0,0,298,0,120,0,0,0,0,0,0,0,0,0,0,0,0,1,0,1,0,0,0,0,true
diw_15,105,0,360,0,735,3141,0,0,0,0,0,0,0,0,240,0,120,0,0,0,0,0,0,0,0,0,0,0,0,1,0,1,0,0,0,0,true
diw_34,561,0,1785,0,3927,17045,0,0,0,0,0,0,0,0,1190,0,595,0,0,0,0,0,0,0,0,0,0,0,0,1,0,1,0,0,0,0,true
diw_37,666,0,2109,0,4662,20272,0,0,0,0,0,0,0,0,1406,0,703,0,0,0,0,0,0,0,0,0,0,0,0,1,0,1,0,0,0,0,true
diw.15.4.29,105,0,360,0,735,2982,0,0,0,0,0,0,0,0,240,0,120,0,0,0,0,0,0,0,0,0,0,0,0,1,0,1,0,0,0,0,true
diw.34.4.71,561,0,1785,0,3927,15999,0,0,0,0,0,0,0,0,1190,0,595,0,0,0,0,0,0,0,0,0,0,0,0,1,0,1,0,0,0,0,true
diw.37.4.92,666,0,2109,0,4662,19229,0,0,0,0,0,0,0,0,1406,0,703,0,0,0,0,0,0,0,0,0,0,0,0,1,0,1,0,0,0,0,true
estein4_A,67,50,125,119,76,956,27,0,0,0,0,0,0,0,40,58,0,0,0,0,0,9,0,0,0,0,0,0,0,1,1,0,0,0,0,0,true
estein4_B,67,50,125,119,76,957,27,0,0,0,0,0,0,0,40,58,0,0,0,0,0,9,0,0,0,0,0,0,0,1,1,0,0,0,0,0,true
estein4_C,67,50,125,119,76,958,27,0,0,0,0,0,0,0,40,58,0,0,0,0,0,9,0,0,0,0,0,0,0,1,1,0,0,0,0,0,true
estein4_nr22,67,50,125,119,76,938,27,0,0,0,0,0,0,0,40,58,0,0,0,0,0,9,0,0,0,0,0,0,0,1,1,0,0,0,0,0,true
estein5_A,132,97,246,240,150,1584,54,0,0,0,0,0,0,0,78,114,0,0,0,0,0,18,0,0,0,0,0,0,0,1,1,0,0,0,0,0,true
estein5_B,132,97,246,240,150,1583,54,0,0,0,0,0,0,0,78,114,0,0,0,0,0,18,0,0,0,0,0,0,0,1,1,0,0,0,0,0,true
estein5_C,132,97,246,240,150,1606,54,0,0,0,0,0,0,0,78,114,0,0,0,0,0,18,0,0,0,0,0,0,0,1,1,0,0,0,0,0,true
estein5_nr1,132,97,246,240,150,1577,54,0,0,0,0,0,0,0,78,114,0,0,0,0,0,18,0,0,0,0,0,0,0,1,1,0,0,0,0,0,true
estein5_nr21,132,97,246,240,150,1559,54,0,0,0,0,0,0,0,78,114,0,0,0,0,0,18,0,0,0,0,0,0,0,1,1,0,0,0,0,0,true
expdesign_A_8_4,29,57,77,197,68,1878,0,0,0,0,0,0,0,0,17,0,60,0,0,0,0,0,0,0,0,0,0,0,0,1,0,4,0,0,0,0,true
expdesign_A_12_6,55,163,193,655,168,5442,0,0,0,0,0,0,0,0,25,0,168,0,0,0,0,0,0,0,0,0,0,0,0,1,0,6,0,0,0,0,true
expdesign_A_16_8,89,353,393,1545,344,12324,0,0,0,0,0,0,0,0,33,0,360,0,0,0,0,0,0,0,0,0,0,0,0,1,0,8,0,0,0,0,true
expdesign_A_20_10,131,651,701,2935,620,22893,0,0,0,0,0,0,0,0,41,0,660,0,0,0,0,0,0,0,0,0,0,0,0,1,0,10,0,0,0,0,true
expdesign_A_24_12,181,1081,1141,5084,1020,40519,0,0,0,0,0,0,0,0,49,0,1092,0,0,0,0,0,0,0,0,0,0,0,0,1,0,12,0,0,0,0,true
expdesign_A_28_14,239,1667,1737,8139,1568,63820,0,0,0,0,0,0,0,0,57,0,1680,0,0,0,0,0,0,0,0,0,0,0,0,1,0,14,0,0,0,0,true
expdesign_A_32_16,305,2433,2513,12119,2288,95076,0,0,0,0,0,0,0,0,65,0,2448,0,0,0,0,0,0,0,0,0,0,0,0,1,0,16,0,0,0,0,true
expdesign_D_8_4,61,73,75,211,78,2053,0,0,0,0,0,0,12,0,17,0,46,0,0,0,0,0,0,0,0,0,0,4,0,1,0,2,0,0,0,0,true
expdesign_D_12_6,127,169,142,622,147,5585,0,0,0,0,0,0,18,0,25,0,99,0,0,0,0,0,0,0,0,0,0,6,0,1,0,2,0,0,0,0,true
expdesign_D_16_8,217,305,229,1365,236,12108,0,0,0,0,0,0,24,0,33,0,172,0,0,0,0,0,0,0,0,0,0,8,0,1,0,2,0,0,0,0,true
expdesign_D_20_10,331,481,336,2460,345,21558,0,0,0,0,0,0,30,0,41,0,265,0,0,0,0,0,0,0,0,0,0,10,0,1,0,2,0,0,0,0,true
expdesign_D_24_12,469,697,463,4118,474,36994,0,0,0,0,0,0,36,0,49,0,378,0,0,0,0,0,0,0,0,0,0,12,0,1,0,2,0,0,0,0,true
expdesign_D_28_14,631,953,610,6438,623,57619,0,0,0,0,0,0,42,0,57,0,511,0,0,0,0,0,0,0,0,0,0,14,0,1,0,2,0,0,0,0,true
expdesign_D_32_16,817,1249,777,9391,792,83486,0,0,0,0,0,0,48,0,65,0,664,0,0,0,0,0,0,0,0,0,0,16,0,1,0,2,0,0,0,0,true
expdesign_E_8_4,26,23,27,158,38,1689,0,0,0,0,0,0,0,0,17,0,10,0,0,0,0,0,0,0,0,0,0,0,0,1,0,1,0,0,0,0,true
expdesign_E_12_6,50,52,46,500,63,4654,0,0,0,0,0,0,0,0,25,0,21,0,0,0,0,0,0,0,0,0,0,0,0,1,0,1,0,0,0,0,true
expdesign_E_16_8,82,93,69,1146,92,10403,0,0,0,0,0,0,0,0,33,0,36,0,0,0,0,0,0,0,0,0,0,0,0,1,0,1,0,0,0,0,true
expdesign_E_20_10,122,146,96,2116,125,19117,0,0,0,0,0,0,0,0,41,0,55,0,0,0,0,0,0,0,0,0,0,0,0,1,0,1,0,0,0,0,true
expdesign_E_24_12,170,211,127,3621,162,33187,0,0,0,0,0,0,0,0,49,0,78,0,0,0,0,0,0,0,0,0,0,0,0,1,0,1,0,0,0,0,true
expdesign_E_28_14,226,288,162,5760,203,52421,0,0,0,0,0,0,0,0,57,0,105,0,0,0,0,0,0,0,0,0,0,0,0,1,0,1,0,0,0,0,true
expdesign_E_32_16,290,377,201,8504,248,75933,0,0,0,0,0,0,0,0,65,0,136,0,0,0,0,0,0,0,0,0,0,0,0,1,0,1,0,0,0,0,true
gams01,266,15,1881,233,25089,78893,330,0,0,0,0,0,30,0,1521,0,0,0,0,0,0,110,0,0,0,0,0,10,0,1,0,0,0,0,0,0,true
HMCR-n20-m400,2022,1201,2022,2801,10438,112542,0,0,0,0,0,0,0,0,821,1,0,0,1200,0,0,0,0,0,0,0,0,0,0,1,1,0,0,400,0,0,false
HMCR-n20-m800,4022,2401,4022,5601,20811,223113,0,0,0,0,0,0,0,0,1621,1,0,0,2400,0,0,0,0,0,0,0,0,0,0,1,1,0,0,800,0,0,false
HMCR-n20-m1200,6022,3601,6022,8401,31174,330266,0,0,0,0,0,0,0,0,2421,1,0,0,3600,0,0,0,0,0,0,0,0,0,0,1,1,0,0,1200,0,0,false
HMCR-n20-m1600,8022,4801,8022,11201,41529,437692,0,0,0,0,0,0,0,0,3221,1,0,0,4800,0,0,0,0,0,0,0,0,0,0,1,1,0,0,1600,0,0,false
HMCR-n20-m2000,10022,6001,10022,14001,51872,543421,0,0,0,0,0,0,0,0,4021,1,0,0,6000,0,0,0,0,0,0,0,0,0,0,1,1,0,0,2000,0,0,false
HMCR-n100-m400,2102,1201,2102,2801,42514,495319,0,0,0,0,0,0,0,0,901,1,0,0,1200,0,0,0,0,0,0,0,0,0,0,1,1,0,0,400,0,0,false
HMCR-n100-m800,4102,2401,4102,5601,84722,981130,0,0,0,0,0,0,0,0,1701,1,0,0,2400,0,0,0,0,0,0,0,0,0,0,1,1,0,0,800,0,0,false
HMCR-n100-m1200,6102,3601,6102,8401,126924,1458526,0,0,0,0,0,0,0,0,2501,1,0,0,3600,0,0,0,0,0,0,0,0,0,0,1,1,0,0,1200,0,0,false
HMCR-n100-m1600,8102,4801,8102,11201,169133,1939797,0,0,0,0,0,0,0,0,3301,1,0,0,4800,0,0,0,0,0,0,0,0,0,0,1,1,0,0,1600,0,0,false
HMCR-n100-m2000,10102,6001,10102,14001,211278,2414214,0,0,0,0,0,0,0,0,4101,1,0,0,6000,0,0,0,0,0,0,0,0,0,0,1,1,0,0,2000,0,0,false
HMCR-n500-m400,2502,1201,2502,2801,202864,2420416,0,0,0,0,0,0,0,0,1301,1,0,0,1200,0,0,0,0,0,0,0,0,0,0,1,1,0,0,400,0,0,false
HMCR-n500-m800,4502,2401,4502,5601,404266,4810749,0,0,0,0,0,0,0,0,2101,1,0,0,2400,0,0,0,0,0,0,0,0,0,0,1,1,0,0,800,0,0,false
HMCR-n500-m1200,6502,3601,6502,8401,605601,7162405,0,0,0,0,0,0,0,0,2901,1,0,0,3600,0,0,0,0,0,0,0,0,0,0,1,1,0,0,1200,0,0,false
HMCR-n500-m1600,8502,4801,8502,11201,807014,9528259,0,0,0,0,0,0,0,0,3701,1,0,0,4800,0,0,0,0,0,0,0,0,0,0,1,1,0,0,1600,0,0,false
HMCR-n500-m2000,10502,6001,10502,14001,1007846,11856813,0,0,0,0,0,0,0,0,4501,1,0,0,6000,0,0,0,0,0,0,0,0,0,0,1,1,0,0,2000,0,0,false
infeas_clean_10_10_1,55,10,55,418,55,1335,0,0,0,0,0,0,0,0,0,0,55,0,0,0,0,0,0,0,0,0,0,0,0,0,0,1,0,0,0,0,false
infeas_clean_10_10_10,55,10,55,408,55,1309,0,0,0,0,0,0,0,0,0,0,55,0,0,0,0,0,0,0,0,0,0,0,0,0,0,1,0,0,0,0,false
infeas_clean_10_10_100,55,10,55,403,55,1299,0,0,0,0,0,0,0,0,0,0,55,0,0,0,0,0,0,0,0,0,0,0,0,0,0,1,0,0,0,0,false
infeas_clean_20_10_1,55,20,55,910,55,2793,0,0,0,0,0,0,0,0,0,0,55,0,0,0,0,0,0,0,0,0,0,0,0,0,0,1,0,0,0,0,false
infeas_clean_20_10_10,55,20,55,918,55,2795,0,0,0,0,0,0,0,0,0,0,55,0,0,0,0,0,0,0,0,0,0,0,0,0,0,1,0,0,0,0,false
infeas_clean_20_10_100,55,20,55,897,55,2762,0,0,0,0,0,0,0,0,0,0,55,0,0,0,0,0,0,0,0,0,0,0,0,0,0,1,0,0,0,0,false
infeas_messy_10_10_1,55,10,55,550,55,2429,0,0,0,0,0,0,0,0,0,0,55,0,0,0,0,0,0,0,0,0,0,0,0,0,0,1,0,0,0,0,false
infeas_messy_10_10_10,55,10,55,550,55,2400,0,0,0,0,0,0,0,0,0,0,55,0,0,0,0,0,0,0,0,0,0,0,0,0,0,1,0,0,0,0,false
infeas_messy_10_10_100,55,10,55,550,55,2449,0,0,0,0,0,0,0,0,0,0,55,0,0,0,0,0,0,0,0,0,0,0,0,0,0,1,0,0,0,0,false
infeas_messy_20_10_1,55,20,55,1097,55,4779,0,0,0,0,0,0,0,0,0,0,55,0,0,0,0,0,0,0,0,0,0,0,0,0,0,1,0,0,0,0,false
infeas_messy_20_10_10,55,20,55,1100,55,4788,0,0,0,0,0,0,0,0,0,0,55,0,0,0,0,0,0,0,0,0,0,0,0,0,0,1,0,0,0,0,false
infeas_messy_20_10_100,55,20,55,1097,55,4780,0,0,0,0,0,0,0,0,0,0,55,0,0,0,0,0,0,0,0,0,0,0,0,0,0,1,0,0,0,0,false
integrated_KleinesBeispiel_02_6,32549,6545,61476,50603,199066,717929,0,0,0,0,4564,0,0,0,31802,25110,0,0,0,0,0,0,0,0,0,326,0,0,0,1,1,0,0,0,0,0,true
integrated_Timo-Test-ST-01_1,23765,4279,45356,38846,133915,502658,0,0,0,0,2702,0,0,0,23291,19363,0,0,0,0,0,0,0,0,0,193,0,0,0,1,1,0,0,0,0,0,true
joint_FC_7,539709,410452,480121,1567692,638985,8937707,159336,0,0,0,0,0,0,0,107517,213268,0,0,0,0,0,53112,0,0,0,0,0,0,0,1,1,0,0,0,0,0,false
joint_FC_8,539709,410452,480121,1567692,638985,8937663,159336,0,0,0,0,0,0,0,107517,213268,0,0,0,0,0,53112,0,0,0,0,0,0,0,1,1,0,0,0,0,0,false
joint_FC_9,539709,410452,480121,1567692,638985,8937667,159336,0,0,0,0,0,0,0,107517,213268,0,0,0,0,0,53112,0,0,0,0,0,0,0,1,1,0,0,0,0,0,false
joint_HO_01,1362569,1036360,1207121,3960726,1609345,22552110,403416,0,0,0,0,0,0,0,267977,535728,0,0,0,0,0,134472,0,0,0,0,0,0,0,1,1,0,0,0,0,0,false
joint_HO_02,1362569,1036360,1207121,3960726,1609345,22552097,403416,0,0,0,0,0,0,0,267977,535728,0,0,0,0,0,134472,0,0,0,0,0,0,0,1,1,0,0,0,0,0,false
joint_HO_03,1362569,1036360,1207121,3960726,1609345,22552107,403416,0,0,0,0,0,0,0,267977,535728,0,0,0,0,0,134472,0,0,0,0,0,0,0,1,1,0,0,0,0,0,false
kpart_2g_4_164_k3_5_6,120,0,408,0,840,3470,0,0,0,0,0,0,0,0,272,0,136,0,0,0,0,0,0,0,0,0,0,0,0,1,0,1,0,0,0,0,true
kpart_2g_5_25_k3_8_9,300,0,975,0,2100,8820,0,0,0,0,0,0,0,0,650,0,325,0,0,0,0,0,0,0,0,0,0,0,0,1,0,1,0,0,0,0,true
kpart_2g_6_701_k10_3_4,630,0,1998,0,4410,18466,0,0,0,0,0,0,0,0,1332,0,666,0,0,0,0,0,0,0,0,0,0,0,0,1,0,1,0,0,0,0,true
kpart_2g_7_77_k3_16_17,1176,0,3675,0,8232,34502,0,0,0,0,0,0,0,0,2450,0,1225,0,0,0,0,0,0,0,0,0,0,0,0,1,0,1,0,0,0,0,true
kpart_2pm_5_55_k2_12_13,300,0,975,0,2100,8540,0,0,0,0,0,0,0,0,650,0,325,0,0,0,0,0,0,0,0,0,0,0,0,1,0,1,0,0,0,0,true
kpart_2pm_5_55_k10_2_3,300,0,975,0,2100,8558,0,0,0,0,0,0,0,0,650,0,325,0,0,0,0,0,0,0,0,0,0,0,0,1,0,1,0,0,0,0,true
kpart_3g_244_244_k10_3_4,496,0,1584,0,3472,14587,0,0,0,0,0,0,0,0,1056,0,528,0,0,0,0,0,0,0,0,0,0,0,0,1,0,1,0,0,0,0,true
kpart_3g_244_244_k16_2_2,496,0,1584,0,3472,14598,0,0,0,0,0,0,0,0,1056,0,528,0,0,0,0,0,0,0,0,0,0,0,0,1,0,1,0,0,0,0,true
kpart_3pm_234_234_k10_2_3,276,0,900,0,1932,7871,0,0,0,0,0,0,0,0,600,0,300,0,0,0,0,0,0,0,0,0,0,0,0,1,0,1,0,0,0,0,true
kpart_clique_20_k3_6_7,190,0,630,0,1330,5959,0,0,0,0,0,0,0,0,420,0,210,0,0,0,0,0,0,0,0,0,0,0,0,1,0,1,0,0,0,0,true
kpart_clique_30_k3_10_10,435,0,1395,0,3045,13803,0,0,0,0,0,0,0,0,930,0,465,0,0,0,0,0,0,0,0,0,0,0,0,1,0,1,0,0,0,0,true
kpart_clique_40_k3_13_14,780,0,2460,0,5460,24154,0,0,0,0,0,0,0,0,1640,0,820,0,0,0,0,0,0,0,0,0,0,0,0,1,0,1,0,0,0,0,true
kpart_clique_50_k3_16_17,1225,0,3825,0,8575,38470,0,0,0,0,0,0,0,0,2550,0,1275,0,0,0,0,0,0,0,0,0,0,0,0,1,0,1,0,0,0,0,true
kpart_clique_60_k10_6_6,1770,0,5490,0,12390,57352,0,0,0,0,0,0,0,0,3660,0,1830,0,0,0,0,0,0,0,0,0,0,0,0,1,0,1,0,0,0,0,true
kpart_clique_70_k3_23_24,2415,0,7455,0,16905,78824,0,0,0,0,0,0,0,0,4970,0,2485,0,0,0,0,0,0,0,0,0,0,0,0,1,0,1,0,0,0,0,true
LogExpCR-n20-m400,2022,1200,2023,2400,10838,112604,0,0,0,0,0,0,1200,0,821,2,0,0,0,0,0,0,0,0,0,0,0,400,0,1,1,0,0,0,0,0,false
LogExpCR-n20-m800,4022,2400,4023,4800,21611,224012,0,0,0,0,0,0,2400,0,1621,2,0,0,0,0,0,0,0,0,0,0,0,800,0,1,1,0,0,0,0,0,false
LogExpCR-n20-m1200,6022,3600,6023,7200,32374,332446,0,0,0,0,0,0,3600,0,2421,2,0,0,0,0,0,0,0,0,0,0,0,1200,0,1,1,0,0,0,0,0,false
LogExpCR-n20-m1600,8022,4800,8023,9600,43129,440782,0,0,0,0,0,0,4800,0,3221,2,0,0,0,0,0,0,0,0,0,0,0,1600,0,1,1,0,0,0,0,0,false
LogExpCR-n20-m2000,10022,6000,10023,12000,53872,546525,0,0,0,0,0,0,6000,0,4021,2,0,0,0,0,0,0,0,0,0,0,0,2000,0,1,1,0,0,0,0,0,false
LogExpCR-n100-m400,2102,1200,2103,2400,42914,495371,0,0,0,0,0,0,1200,0,901,2,0,0,0,0,0,0,0,0,0,0,0,400,0,1,1,0,0,0,0,0,false
LogExpCR-n100-m800,4102,2400,4103,4800,85522,982363,0,0,0,0,0,0,2400,0,1701,2,0,0,0,0,0,0,0,0,0,0,0,800,0,1,1,0,0,0,0,0,false
LogExpCR-n100-m1200,6102,3600,6103,7200,128124,1460243,0,0,0,0,0,0,3600,0,2501,2,0,0,0,0,0,0,0,0,0,0,0,1200,0,1,1,0,0,0,0,0,false
LogExpCR-n100-m1600,8102,4800,8103,9600,170733,1942960,0,0,0,0,0,0,4800,0,3301,2,0,0,0,0,0,0,0,0,0,0,0,1600,0,1,1,0,0,0,0,0,false
LogExpCR-n100-m2000,10102,6000,10103,12000,213278,2417351,0,0,0,0,0,0,6000,0,4101,2,0,0,0,0,0,0,0,0,0,0,0,2000,0,1,1,0,0,0,0,0,false
LogExpCR-n500-m400,2502,1200,2503,2400,203264,2420421,0,0,0,0,0,0,1200,0,1301,2,0,0,0,0,0,0,0,0,0,0,0,400,0,1,1,0,0,0,0,0,false
LogExpCR-n500-m800,4502,2400,4503,4800,405066,4811528,0,0,0,0,0,0,2400,0,2101,2,0,0,0,0,0,0,0,0,0,0,0,800,0,1,1,0,0,0,0,0,false
LogExpCR-n500-m1200,6502,3600,6503,7200,606801,7165208,0,0,0,0,0,0,3600,0,2901,2,0,0,0,0,0,0,0,0,0,0,0,1200,0,1,1,0,0,0,0,0,false
LogExpCR-n500-m1600,8502,4800,8503,9600,808614,9530920,0,0,0,0,0,0,4800,0,3701,2,0,0,0,0,0,0,0,0,0,0,0,1600,0,1,1,0,0,0,0,0,false
LogExpCR-n500-m2000,10502,6000,10503,12000,1009846,11859418,0,0,0,0,0,0,6000,0,4501,2,0,0,0,0,0,0,0,0,0,0,0,2000,0,1,1,0,0,0,0,0,false
nb_L1,3176,915,3176,192312,3176,874224,2379,0,0,0,0,0,0,0,797,0,0,0,0,0,0,793,0,0,0,0,0,0,0,1,0,0,0,0,0,0,false
nb_L2_bessel,2641,123,2641,208817,2641,963135,2637,0,0,0,0,0,0,0,4,0,0,0,0,0,0,839,0,0,0,0,0,0,0,1,0,0,0,0,0,0,false
nb_L2,4195,123,4195,402285,4195,2246739,4191,0,0,0,0,0,0,0,4,0,0,0,0,0,0,839,0,0,0,0,0,0,0,1,0,0,0,0,0,0,false
nb,2383,123,2383,191519,2383,860908,2379,0,0,0,0,0,0,0,4,0,0,0,0,0,0,793,0,0,0,0,0,0,0,1,0,0,0,0,0,0,false
nql30,4501,3680,2700,17869,2700,72814,2700,0,0,0,0,0,0,0,0,0,0,0,0,0,0,900,0,0,0,0,0,0,0,0,0,0,0,0,0,0,false
nql60,18001,14560,10800,71739,10800,294825,10800,0,0,0,0,0,0,0,0,0,0,0,0,0,0,3600,0,0,0,0,0,0,0,0,0,0,0,0,0,0,false
nql90,40501,32640,24300,161609,24300,655927,24300,0,0,0,0,0,0,0,0,0,0,0,0,0,0,8100,0,0,0,0,0,0,0,0,0,0,0,0,0,0,false
nql180,162001,130080,97200,647219,97200,2630222,97200,0,0,0,0,0,0,0,0,0,0,0,0,0,0,32400,0,0,0,0,0,0,0,0,0,0,0,0,0,0,false
port_12_9_3_a_1,90,24,193,258,244,3256,13,0,0,0,0,0,54,0,98,0,28,0,0,0,0,1,0,0,0,0,0,18,0,1,0,1,0,0,0,0,true
port_12_9_3_a_2,182,48,388,516,494,6425,26,0,0,0,0,0,108,0,198,0,56,0,0,0,0,2,0,0,0,0,0,36,0,1,0,2,0,0,0,0,true
port_12_9_3_b_1,91,24,195,258,245,3188,13,0,0,0,0,0,54,0,100,0,28,0,0,0,0,1,0,0,0,0,0,18,0,1,0,1,0,0,0,0,true
port_12_9_3_b_2,182,48,388,516,495,6467,26,0,0,0,0,0,108,0,198,0,56,0,0,0,0,2,0,0,0,0,0,36,0,1,0,2,0,0,0,0,true
port_12_9_3_c_1,91,24,195,258,249,3256,13,0,0,0,0,0,54,0,100,0,28,0,0,0,0,1,0,0,0,0,0,18,0,1,0,1,0,0,0,0,true
port_12_9_3_c_2,178,48,380,516,486,6457,26,0,0,0,0,0,108,0,190,0,56,0,0,0,0,2,0,0,0,0,0,36,0,1,0,2,0,0,0,0,true
port_12_9_3_d_1,91,24,195,258,249,3301,13,0,0,0,0,0,54,0,100,0,28,0,0,0,0,1,0,0,0,0,0,18,0,1,0,1,0,0,0,0,true
port_12_9_3_d_2,180,48,384,516,490,6382,26,0,0,0,0,0,108,0,194,0,56,0,0,0,0,2,0,0,0,0,0,36,0,1,0,2,0,0,0,0,true
port_16_12_4_a_1,121,32,266,448,333,5205,17,0,0,0,0,0,72,0,132,0,45,0,0,0,0,1,0,0,0,0,0,24,0,1,0,1,0,0,0,0,true
port_16_12_4_a_2,238,64,522,896,655,10367,34,0,0,0,0,0,144,0,254,0,90,0,0,0,0,2,0,0,0,0,0,48,0,1,0,2,0,0,0,0,true
port_16_12_4_b_1,120,32,264,448,329,5121,17,0,0,0,0,0,72,0,130,0,45,0,0,0,0,1,0,0,0,0,0,24,0,1,0,1,0,0,0,0,true
port_16_12_4_b_2,240,64,526,896,660,10346,34,0,0,0,0,0,144,0,258,0,90,0,0,0,0,2,0,0,0,0,0,48,0,1,0,2,0,0,0,0,true
port_16_12_4_c_1,121,32,266,448,334,5183,17,0,0,0,0,0,72,0,132,0,45,0,0,0,0,1,0,0,0,0,0,24,0,1,0,1,0,0,0,0,true
port_16_12_4_c_2,238,64,522,896,654,10337,34,0,0,0,0,0,144,0,254,0,90,0,0,0,0,2,0,0,0,0,0,48,0,1,0,2,0,0,0,0,true
port_16_12_4_d_1,121,32,266,448,334,5194,17,0,0,0,0,0,72,0,132,0,45,0,0,0,0,1,0,0,0,0,0,24,0,1,0,1,0,0,0,0,true
port_16_12_4_d_2,241,64,528,896,664,10411,34,0,0,0,0,0,144,0,260,0,90,0,0,0,0,2,0,0,0,0,0,48,0,1,0,2,0,0,0,0,true
port_20_15_5_a_1,151,40,341,690,417,7546,21,0,0,0,0,0,90,0,164,0,66,0,0,0,0,1,0,0,0,0,0,30,0,1,0,1,0,0,0,0,true
port_20_15_5_a_2,297,80,670,1380,824,15045,42,0,0,0,0,0,180,0,316,0,132,0,0,0,0,2,0,0,0,0,0,60,0,1,0,2,0,0,0,0,true
port_20_15_5_b_1,150,40,339,690,415,7572,21,0,0,0,0,0,90,0,162,0,66,0,0,0,0,1,0,0,0,0,0,30,0,1,0,1,0,0,0,0,true
port_20_15_5_b_2,299,80,674,1380,826,15077,42,0,0,0,0,0,180,0,320,0,132,0,0,0,0,2,0,0,0,0,0,60,0,1,0,2,0,0,0,0,true
port_20_15_5_c_1,151,40,341,690,411,7443,21,0,0,0,0,0,90,0,164,0,66,0,0,0,0,1,0,0,0,0,0,30,0,1,0,1,0,0,0,0,true
port_20_15_5_c_2,297,80,670,1380,824,15099,42,0,0,0,0,0,180,0,316,0,132,0,0,0,0,2,0,0,0,0,0,60,0,1,0,2,0,0,0,0,true
port_20_15_5_d_1,150,40,339,690,410,7469,21,0,0,0,0,0,90,0,162,0,66,0,0,0,0,1,0,0,0,0,0,30,0,1,0,1,0,0,0,0,true
port_20_15_5_d_2,298,80,672,1380,826,15102,42,0,0,0,0,0,180,0,318,0,132,0,0,0,0,2,0,0,0,0,0,60,0,1,0,2,0,0,0,0,true
pp-n10-d10,50,30,41,50,49,796,0,0,0,0,30,0,0,0,10,1,0,0,0,0,0,0,0,0,0,10,0,0,0,1,1,0,0,0,0,0,true
pp-n100-d10,500,300,401,500,499,5018,0,0,0,0,300,0,0,0,100,1,0,0,0,0,0,0,0,0,0,100,0,0,0,1,1,0,0,0,0,0,true
pp-n100-d10000,500,300,401,500,497,5038,0,0,0,0,300,0,0,0,100,1,0,0,0,0,0,0,0,0,0,100,0,0,0,1,1,0,0,0,0,0,true
pp-n1000-d10000,5000,3000,4001,5000,4968,49334,0,0,0,0,3000,0,0,0,1000,1,0,0,0,0,0,0,0,0,0,1000,0,0,0,1,1,0,0,0,0,0,true
pp-n100000-d10000,500000,300000,400001,500000,497463,4695275,0,0,0,0,300000,0,0,0,100000,1,0,0,0,0,0,0,0,0,0,100000,0,0,0,1,1,0,0,0,0,0,true
qssp30,7565,3691,7564,36850,7564,165723,7564,0,0,0,0,0,0,0,0,0,0,0,0,0,0,1891,0,0,0,0,0,0,0,0,0,0,0,0,0,0,false
qssp60,29525,14581,29524,149290,29524,688526,29524,0,0,0,0,0,0,0,0,0,0,0,0,0,0,7381,0,0,0,0,0,0,0,0,0,0,0,0,0,0,false
qssp90,65885,32671,65884,337330,65884,1528339,65884,0,0,0,0,0,0,0,0,0,0,0,0,0,0,16471,0,0,0,0,0,0,0,0,0,0,0,0,0,0,false
qssp180,261365,130141,261364,1355050,261364,6156607,261364,0,0,0,0,0,0,0,0,0,0,0,0,0,0,65341,0,0,0,0,0,0,0,0,0,0,0,0,0,0,false
random_32_2_a,33,0,1011,0,28992,208906,0,0,0,0,0,0,0,0,65,0,946,0,0,0,0,0,0,0,0,0,0,0,0,1,0,1,0,0,0,0,true
random_32_8_a,33,0,14261,0,448993,3346801,0,0,0,0,0,0,0,0,65,0,14196,0,0,0,0,0,0,0,0,0,0,0,0,1,0,1,0,0,0,0,true
random_64_2_a,65,0,2475,0,145985,1066147,0,0,0,0,0,0,0,0,129,0,2346,0,0,0,0,0,0,0,0,0,0,0,0,1,0,1,0,0,0,0,true
random_64_8_a,65,0,36175,0,2289984,17671279,0,0,0,0,0,0,0,0,129,0,36046,0,0,0,0,0,0,0,0,0,0,0,0,1,0,1,0,0,0,0,true
random_96_2_a,97,0,4564,0,410976,3027906,0,0,0,0,0,0,0,0,193,0,4371,0,0,0,0,0,0,0,0,0,0,0,0,1,0,1,0,0,0,0,true
random_96_8_a,97,0,67721,0,6447742,51090800,0,0,0,0,0,0,0,0,193,0,67528,0,0,0,0,0,0,0,0,0,0,0,0,1,0,1,0,0,0,0,true
random_128_2_a,129,0,7278,0,883969,6614814,0,0,0,0,0,0,0,0,257,0,7021,0,0,0,0,0,0,0,0,0,0,0,0,1,0,1,0,0,0,0,true
random_128_6_a,129,0,62033,0,7862777,62570391,0,0,0,0,0,0,0,0,257,0,61776,0,0,0,0,0,0,0,0,0,0,0,0,1,0,1,0,0,0,0,true
robust_20_0,87,46,154,886,193,7886,44,0,0,0,0,0,0,0,44,66,0,0,0,0,0,2,0,0,0,0,0,0,0,1,1,0,0,0,0,0,true
robust_20_1,87,46,154,886,193,7980,44,0,0,0,0,0,0,0,44,66,0,0,0,0,0,2,0,0,0,0,0,0,0,1,1,0,0,0,0,0,true
robust_30_0,127,66,224,1926,283,16691,64,0,0,0,0,0,0,0,64,96,0,0,0,0,0,2,0,0,0,0,0,0,0,1,1,0,0,0,0,0,true
robust_30_1,127,66,224,1926,283,16814,64,0,0,0,0,0,0,0,64,96,0,0,0,0,0,2,0,0,0,0,0,0,0,1,1,0,0,0,0,0,true
robust_40_0,167,86,294,3366,373,30507,84,0,0,0,0,0,0,0,84,126,0,0,0,0,0,2,0,0,0,0,0,0,0,1,1,0,0,0,0,0,true
robust_40_1,167,86,294,3366,373,30371,84,0,0,0,0,0,0,0,84,126,0,0,0,0,0,2,0,0,0,0,0,0,0,1,1,0,0,0,0,0,true
robust_50_0,207,106,364,5206,463,48620,104,0,0,0,0,0,0,0,104,156,0,0,0,0,0,2,0,0,0,0,0,0,0,1,1,0,0,0,0,0,true
robust_50_1,207,106,364,5206,463,48782,104,0,0,0,0,0,0,0,104,156,0,0,0,0,0,2,0,0,0,0,0,0,0,1,1,0,0,0,0,0,true
robust_100_0,407,206,714,20406,913,202070,204,0,0,0,0,0,0,0,204,306,0,0,0,0,0,2,0,0,0,0,0,0,0,1,1,0,0,0,0,0,true
robust_100_1,407,206,714,20406,913,201646,204,0,0,0,0,0,0,0,204,306,0,0,0,0,0,2,0,0,0,0,0,0,0,1,1,0,0,0,0,0,true
robust_200_0,807,406,1414,80806,1813,813760,404,0,0,0,0,0,0,0,404,606,0,0,0,0,0,2,0,0,0,0,0,0,0,1,1,0,0,0,0,0,true
robust_200_1,807,406,1414,80806,1813,814094,404,0,0,0,0,0,0,0,404,606,0,0,0,0,0,2,0,0,0,0,0,0,0,1,1,0,0,0,0,0,true
rsyn0805h,312,207,582,603,818,5737,0,0,0,0,0,0,9,0,573,0,0,0,0,0,0,0,0,0,0,0,0,3,0,1,0,0,0,0,0,0,true
rsyn0805m,174,73,464,232,761,4629,0,0,0,0,0,0,9,0,455,0,0,0,0,0,0,0,0,0,0,0,0,3,0,1,0,0,0,0,0,0,true
rsyn0810h,350,231,664,662,937,6545,0,0,0,0,0,0,18,0,646,0,0,0,0,0,0,0,0,0,0,0,0,6,0,1,0,0,0,0,0,0,true
rsyn0810m,192,75,517,247,843,5093,0,0,0,0,0,0,18,0,499,0,0,0,0,0,0,0,0,0,0,0,0,6,0,1,0,0,0,0,0,0,true
rsyn0810m04m,845,329,3008,1117,5378,27359,0,0,0,0,0,0,72,0,2936,0,0,0,0,0,0,0,0,0,0,0,0,24,0,1,0,0,0,0,0,0,true
rsyn0815h,399,261,774,733,1099,7547,0,0,0,0,0,0,33,0,741,0,0,0,0,0,0,0,0,0,0,0,0,11,0,1,0,0,0,0,0,0,true
rsyn0815m,217,79,590,266,954,5677,0,0,0,0,0,0,33,0,557,0,0,0,0,0,0,0,0,0,0,0,0,11,0,1,0,0,0,0,0,0,true
rsyn0815m04m,985,345,3490,1205,6192,31241,0,0,0,0,0,0,132,0,3358,0,0,0,0,0,0,0,0,0,0,0,0,44,0,1,0,0,0,0,0,0,true
rsyn0820h,432,283,851,785,1215,8281,0,0,0,0,0,0,42,0,809,0,0,0,0,0,0,0,0,0,0,0,0,14,0,1,0,0,0,0,0,0,true
rsyn0820m,230,79,638,274,1033,6153,0,0,0,0,0,0,42,0,596,0,0,0,0,0,0,0,0,0,0,0,0,14,0,1,0,0,0,0,0,0,true
rsyn0820m04m,1077,345,3872,1237,6878,34247,0,0,0,0,0,0,168,0,3704,0,0,0,0,0,0,0,0,0,0,0,0,56,0,1,0,0,0,0,0,0,true
rsyn0830h,515,337,1021,922,1457,10192,0,0,0,0,0,0,60,0,961,0,0,0,0,0,0,0,0,0,0,0,0,20,0,1,0,0,0,0,0,0,true
rsyn0830m,271,86,749,317,1203,7223,0,0,0,0,0,0,60,0,689,0,0,0,0,0,0,0,0,0,0,0,0,20,0,1,0,0,0,0,0,0,true
rsyn0830m04m,1321,373,4696,1393,8304,41512,0,0,0,0,0,0,240,0,4456,0,0,0,0,0,0,0,0,0,0,0,0,80,0,1,0,0,0,0,0,0,true
rsyn0840h,597,389,1208,1046,1735,11917,0,0,0,0,0,0,84,0,1124,0,0,0,0,0,0,0,0,0,0,0,0,28,0,1,0,0,0,0,0,0,true
rsyn0840m,309,90,870,345,1393,8220,0,0,0,0,0,0,84,0,786,0,0,0,0,0,0,0,0,0,0,0,0,28,0,1,0,0,0,0,0,0,true
rsyn0840m04m,1553,389,5560,1505,9804,48175,0,0,0,0,0,0,336,0,5224,0,0,0,0,0,0,0,0,0,0,0,0,112,0,1,0,0,0,0,0,0,true
rt_2x3_3bars,37,0,140,0,249,1207,0,0,0,0,0,0,0,0,85,0,55,0,0,0,0,0,0,0,0,0,0,0,0,1,0,1,0,0,0,0,true
rt_2x4_16bars,337,0,799,0,2627,12182,0,0,0,0,0,0,0,0,694,0,105,0,0,0,0,0,0,0,0,0,0,0,0,1,0,1,0,0,0,0,true
rt_2x5_1scen_3bars_nominal,97,0,396,0,819,3763,0,0,0,0,0,0,0,0,225,0,171,0,0,0,0,0,0,0,0,0,0,0,0,1,0,1,0,0,0,0,true
rt_2x5_1scen_12bars,385,0,972,0,3267,15025,0,0,0,0,0,0,0,0,801,0,171,0,0,0,0,0,0,0,0,0,0,0,0,1,0,1,0,0,0,0,true
rt_2x6_3bars,136,0,569,0,1221,5706,0,0,0,0,0,0,0,0,316,0,253,0,0,0,0,0,0,0,0,0,0,0,0,1,0,1,0,0,0,0,true
rt_3x3_2bars_3scen,53,0,302,0,391,1853,0,0,0,0,0,0,0,0,131,0,171,0,0,0,0,0,0,0,0,0,0,0,0,1,0,1,0,0,0,0,true
rt_3x3_2fixed_8bars,225,0,613,0,1843,8084,0,0,0,0,0,0,0,0,477,0,136,0,0,0,0,0,0,0,0,0,0,0,0,1,0,1,0,0,0,0,true
rt_3x4_1scen_4bars,189,0,634,0,1555,6978,0,0,0,0,0,0,0,0,424,0,210,0,0,0,0,0,0,0,0,0,0,0,0,1,0,1,0,0,0,0,true
rt_4x3_2bars_3scen,95,0,536,0,783,3660,0,0,0,0,0,0,0,0,236,0,300,0,0,0,0,0,0,0,0,0,0,0,0,1,0,1,0,0,0,0,true
rt_4x4_1bar_2scen,84,0,656,0,719,3559,0,0,0,0,0,0,0,0,250,0,406,0,0,0,0,0,0,0,0,0,0,0,0,1,0,1,0,0,0,0,true
rt_5x5_1bar,197,0,1492,0,1869,9118,0,0,0,0,0,0,0,0,589,0,903,0,0,0,0,0,0,0,0,0,0,0,0,1,0,1,0,0,0,0,true
rt_bridge_2x5_5bars,96,0,315,0,673,2813,0,0,0,0,0,0,0,0,210,0,105,0,0,0,0,0,0,0,0,0,0,0,0,1,0,1,0,0,0,0,true
rt_bridge_2x10_2bars_2scen,89,0,887,0,713,3093,0,0,0,0,0,0,0,0,221,0,666,0,0,0,0,0,0,0,0,0,0,0,0,1,0,1,0,0,0,0,true
rt_bridge_3x5_4bars_nominal,137,0,497,0,994,4220,0,0,0,0,0,0,0,0,307,0,190,0,0,0,0,0,0,0,0,0,0,0,0,1,0,1,0,0,0,0,true
rt_bridge_3x5_4bars,137,0,517,0,995,4197,0,0,0,0,0,0,0,0,307,0,210,0,0,0,0,0,0,0,0,0,0,0,0,1,0,1,0,0,0,0,true
rt_bridge_3x9_2bars,141,0,1341,0,1155,4924,0,0,0,0,0,0,0,0,351,0,990,0,0,0,0,0,0,0,0,0,0,0,0,1,0,1,0,0,0,0,true
rt_demonst_1bar_3scen,65,0,658,0,639,3061,0,0,0,0,0,0,0,0,193,0,465,0,0,0,0,0,0,0,0,0,0,0,0,1,0,1,0,0,0,0,true
rt_demonst_2bars_2scen,129,0,727,0,1269,5770,0,0,0,0,0,0,0,0,321,0,406,0,0,0,0,0,0,0,0,0,0,0,0,1,0,1,0,0,0,0,true
rt_demonstsmall_3bar_2scen_nominal,83,0,431,0,1213,4640,0,0,0,0,0,0,0,0,191,0,240,0,0,0,0,0,0,0,0,0,0,0,0,1,0,2,0,0,0,0,true
rt_demonstsmall_5bar_1scen_nominal,136,0,418,0,1212,5295,0,0,0,0,0,0,0,0,298,0,120,0,0,0,0,0,0,0,0,0,0,0,0,1,0,1,0,0,0,0,true
rt_test_bridge2,77,0,343,0,543,2368,0,0,0,0,0,0,0,0,172,0,171,0,0,0,0,0,0,0,0,0,0,0,0,1,0,1,0,0,0,0,true
rt_test_bridge3,77,0,343,0,543,2417,0,0,0,0,0,0,0,0,172,0,171,0,0,0,0,0,0,0,0,0,0,0,0,1,0,1,0,0,0,0,true
sched_50_50_orig,4979,2527,4979,25488,4979,221834,2477,0,0,0,0,0,0,0,2502,0,0,0,0,0,0,2,0,0,0,0,0,0,0,1,0,0,0,0,0,0,false
sched_50_50_scaled,4977,2526,4977,27985,4977,258774,2475,0,0,0,0,0,0,0,2502,0,0,0,0,0,0,1,0,0,0,0,0,0,0,1,0,0,0,0,0,0,false
sched_100_50_orig,9746,4844,9746,55291,9746,477866,4744,0,0,0,0,0,0,0,5002,0,0,0,0,0,0,2,0,0,0,0,0,0,0,1,0,0,0,0,0,0,false
sched_100_50_scaled,9744,4843,9744,60288,9744,547892,4742,0,0,0,0,0,0,0,5002,0,0,0,0,0,0,1,0,0,0,0,0,0,0,1,0,0,0,0,0,0,false
sched_100_100_orig,18240,8338,18240,104902,18240,897774,8238,0,0,0,0,0,0,0,10002,0,0,0,0,0,0,2,0,0,0,0,0,0,0,1,0,0,0,0,0,0,false
sched_100_100_scaled,18238,8337,18238,114899,18238,1049170,8236,0,0,0,0,0,0,0,10002,0,0,0,0,0,0,1,0,0,0,0,0,0,0,1,0,0,0,0,0,0,false
sched_200_100_orig,37889,18087,37889,260503,37889,2248261,17887,0,0,0,0,0,0,0,20002,0,0,0,0,0,0,2,0,0,0,0,0,0,0,1,0,0,0,0,0,0,false
sched_200_100_scaled,37887,18086,37887,280500,37887,2535793,17885,0,0,0,0,0,0,0,20002,0,0,0,0,0,0,1,0,0,0,0,0,0,0,1,0,0,0,0,0,0,false
shortfall_20_0,85,44,152,906,191,8691,42,0,0,0,0,0,0,0,44,66,0,0,0,0,0,2,0,0,0,0,0,0,0,1,1,0,0,0,0,0,true
shortfall_20_1,85,44,152,906,191,8782,42,0,0,0,0,0,0,0,44,66,0,0,0,0,0,2,0,0,0,0,0,0,0,1,1,0,0,0,0,0,true
shortfall_30_0,125,64,222,1956,281,18628,62,0,0,0,0,0,0,0,64,96,0,0,0,0,0,2,0,0,0,0,0,0,0,1,1,0,0,0,0,0,true
shortfall_30_1,125,64,222,1956,281,18576,62,0,0,0,0,0,0,0,64,96,0,0,0,0,0,2,0,0,0,0,0,0,0,1,1,0,0,0,0,0,true
shortfall_40_0,165,84,292,3406,371,34465,82,0,0,0,0,0,0,0,84,126,0,0,0,0,0,2,0,0,0,0,0,0,0,1,1,0,0,0,0,0,true
shortfall_40_1,165,84,292,3406,371,34311,82,0,0,0,0,0,0,0,84,126,0,0,0,0,0,2,0,0,0,0,0,0,0,1,1,0,0,0,0,0,true
shortfall_50_0,205,104,362,5256,461,55178,102,0,0,0,0,0,0,0,104,156,0,0,0,0,0,2,0,0,0,0,0,0,0,1,1,0,0,0,0,0,true
shortfall_50_1,205,104,362,5256,461,54759,102,0,0,0,0,0,0,0,104,156,0,0,0,0,0,2,0,0,0,0,0,0,0,1,1,0,0,0,0,0,true
shortfall_100_0,405,204,712,20506,911,226377,202,0,0,0,0,0,0,0,204,306,0,0,0,0,0,2,0,0,0,0,0,0,0,1,1,0,0,0,0,0,true
shortfall_100_1,405,204,712,20506,911,226311,202,0,0,0,0,0,0,0,204,306,0,0,0,0,0,2,0,0,0,0,0,0,0,1,1,0,0,0,0,0,true
shortfall_200_0,805,404,1412,81006,1811,916048,402,0,0,0,0,0,0,0,404,606,0,0,0,0,0,2,0,0,0,0,0,0,0,1,1,0,0,0,0,0,true
shortfall_200_1,805,404,1412,81006,1811,915438,402,0,0,0,0,0,0,0,404,606,0,0,0,0,0,2,0,0,0,0,0,0,0,1,1,0,0,0,0,0,true
sssd-strong-15-4,125,57,248,229,268,3066,0,0,0,0,36,0,0,0,124,88,0,0,0,0,0,0,0,0,0,12,0,0,0,1,1,0,0,0,0,0,true
sssd-strong-15-8,249,97,496,457,536,5461,0,0,0,0,72,0,0,0,248,176,0,0,0,0,0,0,0,0,0,24,0,0,0,1,1,0,0,0,0,0,true
sssd-strong-30-4,185,72,368,349,388,4571,0,0,0,0,36,0,0,0,184,148,0,0,0,0,0,0,0,0,0,12,0,0,0,1,1,0,0,0,0,0,true
sssd-strong-30-8,369,112,736,697,776,8481,0,0,0,0,72,0,0,0,368,296,0,0,0,0,0,0,0,0,0,24,0,0,0,1,1,0,0,0,0,0,true
sssd-weak-15-4,125,57,248,217,268,3057,0,0,0,0,36,0,0,0,124,88,0,0,0,0,0,0,0,0,0,12,0,0,0,1,1,0,0,0,0,0,true
sssd-weak-15-8,249,97,496,433,536,5431,0,0,0,0,72,0,0,0,248,176,0,0,0,0,0,0,0,0,0,24,0,0,0,1,1,0,0,0,0,0,true
sssd-weak-30-4,185,72,368,337,388,4550,0,0,0,0,36,0,0,0,184,148,0,0,0,0,0,0,0,0,0,12,0,0,0,1,1,0,0,0,0,0,true
sssd-weak-30-8,369,112,736,673,776,8463,0,0,0,0,72,0,0,0,368,296,0,0,0,0,0,0,0,0,0,24,0,0,0,1,1,0,0,0,0,0,true
stolpe07-8.1flowc,625,338,627,910,834,6301,0,0,0,0,312,0,0,0,209,106,0,0,0,0,0,0,0,0,0,104,0,0,0,1,1,0,0,0,0,0,true
stolpe07-8.2flowc,1153,600,1203,1539,1682,11152,0,0,0,0,576,0,0,0,385,242,0,0,0,0,0,0,0,0,0,192,0,0,0,1,1,0,0,0,0,0,true
stolpe07-8.3flowc,1189,638,1191,1823,1586,12101,0,0,0,0,594,0,0,0,397,200,0,0,0,0,0,0,0,0,0,198,0,0,0,1,1,0,0,0,0,0,true
strictmin_2D_43_dual,101676,61357,50400,235326,50400,1320608,50400,0,0,0,0,0,0,0,0,0,0,0,0,0,0,10080,0,0,0,0,0,0,0,0,0,0,0,0,0,0,false
strictmin_2D_43_primal,61356,51275,50400,184924,50400,1379578,50400,0,0,0,0,0,0,0,0,0,0,0,0,0,0,10080,0,0,0,0,0,0,0,0,0,0,0,0,0,0,false
syn05h,46,31,89,76,126,968,0,0,0,0,0,0,9,0,80,0,0,0,0,0,0,0,0,0,0,0,0,3,0,1,0,0,0,0,0,0,true
syn05m,24,6,59,26,91,650,0,0,0,0,0,0,9,0,50,0,0,0,0,0,0,0,0,0,0,0,0,3,0,1,0,0,0,0,0,0,true
syn05m04m,133,21,426,105,734,3420,0,0,0,0,0,0,36,0,390,0,0,0,0,0,0,0,0,0,0,0,0,12,0,1,0,0,0,0,0,0,true
syn10h,84,55,171,135,245,1704,0,0,0,0,0,0,18,0,153,0,0,0,0,0,0,0,0,0,0,0,0,6,0,1,0,0,0,0,0,0,true
syn10m,42,8,112,41,173,1075,0,0,0,0,0,0,18,0,94,0,0,0,0,0,0,0,0,0,0,0,0,6,0,1,0,0,0,0,0,0,true
syn10m04m,245,29,828,165,1432,6557,0,0,0,0,0,0,72,0,756,0,0,0,0,0,0,0,0,0,0,0,0,24,0,1,0,0,0,0,0,0,true
syn15h,133,85,281,204,407,2692,0,0,0,0,0,0,33,0,248,0,0,0,0,0,0,0,0,0,0,0,0,11,0,1,0,0,0,0,0,0,true
syn15m,67,12,185,58,284,1628,0,0,0,0,0,0,33,0,152,0,0,0,0,0,0,0,0,0,0,0,0,11,0,1,0,0,0,0,0,0,true
syn15m04m,385,45,1310,245,2246,10382,0,0,0,0,0,0,132,0,1178,0,0,0,0,0,0,0,0,0,0,0,0,44,0,1,0,0,0,0,0,0,true
syn20h,166,107,358,256,523,3424,0,0,0,0,0,0,42,0,316,0,0,0,0,0,0,0,0,0,0,0,0,14,0,1,0,0,0,0,0,0,true
syn20m,80,12,233,66,363,2018,0,0,0,0,0,0,42,0,191,0,0,0,0,0,0,0,0,0,0,0,0,14,0,1,0,0,0,0,0,0,true
syn20m04m,477,45,1692,277,2932,13532,0,0,0,0,0,0,168,0,1524,0,0,0,0,0,0,0,0,0,0,0,0,56,0,1,0,0,0,0,0,0,true
syn30h,249,161,528,393,765,5093,0,0,0,0,0,0,60,0,468,0,0,0,0,0,0,0,0,0,0,0,0,20,0,1,0,0,0,0,0,0,true
syn30m,121,19,344,109,533,3024,0,0,0,0,0,0,60,0,284,0,0,0,0,0,0,0,0,0,0,0,0,20,0,1,0,0,0,0,0,0,true
syn30m04m,721,73,2516,433,4352,20131,0,0,0,0,0,0,240,0,2276,0,0,0,0,0,0,0,0,0,0,0,0,80,0,1,0,0,0,0,0,0,true
syn40h,331,213,715,517,1043,6822,0,0,0,0,0,0,84,0,631,0,0,0,0,0,0,0,0,0,0,0,0,28,0,1,0,0,0,0,0,0,true
syn40m,159,23,465,137,723,4013,0,0,0,0,0,0,84,0,381,0,0,0,0,0,0,0,0,0,0,0,0,28,0,1,0,0,0,0,0,0,true
syn40m04m,953,89,3380,545,5852,27473,0,0,0,0,0,0,336,0,3044,0,0,0,0,0,0,0,0,0,0,0,0,112,0,1,0,0,0,0,0,0,true
test_bridge2,77,0,343,0,543,2426,0,0,0,0,0,0,0,0,172,0,171,0,0,0,0,0,0,0,0,0,0,0,0,1,0,1,0,0,0,0,true
test_bridge3,77,0,343,0,543,2479,0,0,0,0,0,0,0,0,172,0,171,0,0,0,0,0,0,0,0,0,0,0,0,1,0,1,0,0,0,0,true
tls2,42,7,108,53,251,1327,12,0,0,0,0,0,0,0,96,0,0,0,0,0,0,4,0,0,0,0,0,0,0,1,0,0,0,0,0,0,true
tls4,122,21,318,127,777,3662,48,0,0,0,0,0,0,0,270,0,0,0,0,0,0,16,0,0,0,0,0,0,0,1,0,0,0,0,0,0,true
tls5,187,31,482,188,1215,5625,75,0,0,0,0,0,0,0,407,0,0,0,0,0,0,25,0,0,0,0,0,0,0,1,0,0,0,0,0,0,true
tls6,252,43,652,263,1717,7863,108,0,0,0,0,0,0,0,544,0,0,0,0,0,0,36,0,0,0,0,0,0,0,1,0,0,0,0,0,0,true
tls7,395,57,984,411,2782,13025,147,0,0,0,0,0,0,0,837,0,0,0,0,0,0,49,0,0,0,0,0,0,0,1,0,0,0,0,0,0,true
tls12,957,157,2428,1073,8476,37233,432,0,0,0,0,0,0,0,1996,0,0,0,0,0,0,144,0,0,0,0,0,0,0,1,0,0,0,0,0,0,true
turbine07_aniso,83,64,127,302,94,2555,75,0,0,0,0,0,0,0,8,44,0,0,0,0,0,25,0,0,0,0,0,0,0,1,1,0,0,0,0,0,true
turbine07,84,64,121,302,95,2302,84,0,0,0,0,0,0,0,0,37,0,0,0,0,0,26,0,0,0,0,0,0,0,0,1,0,0,0,0,0,true
turbine07GF,87,75,136,432,99,3402,75,0,0,0,0,0,0,0,12,49,0,0,0,0,0,25,0,0,0,0,0,0,0,1,1,0,0,0,0,0,true
turbine54,366,346,497,2088,377,12857,366,0,0,0,0,0,0,0,0,131,0,0,0,0,0,120,0,0,0,0,0,0,0,0,1,0,0,0,0,0,true
turbine54GF,369,357,512,2970,381,20028,357,0,0,0,0,0,0,0,12,143,0,0,0,0,0,119,0,0,0,0,0,0,0,1,1,0,0,0,0,0,true
uflquad-nopsc-10-100,3011,1102,7020,2001,8020,35574,0,0,0,0,3000,0,0,0,3010,1010,0,0,0,0,0,0,0,0,0,1000,0,0,0,1,1,0,0,0,0,0,true
uflquad-nopsc-30-100,9031,3102,21060,6001,24060,103546,0,0,0,0,9000,0,0,0,9030,3030,0,0,0,0,0,0,0,0,0,3000,0,0,0,1,1,0,0,0,0,0,true
uflquad-nopsc-30-200,18031,6202,42060,12001,48060,203272,0,0,0,0,18000,0,0,0,18030,6030,0,0,0,0,0,0,0,0,0,6000,0,0,0,1,1,0,0,0,0,0,true
uflquad-nopsc-30-300,27031,9302,63060,18001,72060,309711,0,0,0,0,27000,0,0,0,27030,9030,0,0,0,0,0,0,0,0,0,9000,0,0,0,1,1,0,0,0,0,0,true
uflquad-psc-10-100,3011,1102,7020,3001,8020,35436,0,0,0,0,3000,0,0,0,3010,1010,0,0,0,0,0,0,0,0,0,1000,0,0,0,1,1,0,0,0,0,0,true
uflquad-psc-30-100,9031,3102,21060,9001,24060,102922,0,0,0,0,9000,0,0,0,9030,3030,0,0,0,0,0,0,0,0,0,3000,0,0,0,1,1,0,0,0,0,0,true
uflquad-psc-30-200,18031,6202,42060,18001,48060,202168,0,0,0,0,18000,0,0,0,18030,6030,0,0,0,0,0,0,0,0,0,6000,0,0,0,1,1,0,0,0,0,0,true
uflquad-psc-30-300,27031,9302,63060,27001,72060,308434,0,0,0,0,27000,0,0,0,27030,9030,0,0,0,0,0,0,0,0,0,9000,0,0,0,1,1,0,0,0,0,0,true
ven_17,136,0,459,0,952,4108,0,0,0,0,0,0,0,0,306,0,153,0,0,0,0,0,0,0,0,0,0,0,0,1,0,1,0,0,0,0,true
ven.17.4.39,136,0,459,0,952,3910,0,0,0,0,0,0,0,0,306,0,153,0,0,0,0,0,0,0,0,0,0,0,0,1,0,1,0,0,0,0,true
weak_clean_10_10_1,55,10,55,404,55,1281,0,0,0,0,0,0,0,0,0,0,55,0,0,0,0,0,0,0,0,0,0,0,0,0,0,1,0,0,0,0,false
weak_clean_10_10_10,55,10,55,404,55,1326,0,0,0,0,0,0,0,0,0,0,55,0,0,0,0,0,0,0,0,0,0,0,0,0,0,1,0,0,0,0,false
weak_clean_10_10_100,55,10,55,399,55,1312,0,0,0,0,0,0,0,0,0,0,55,0,0,0,0,0,0,0,0,0,0,0,0,0,0,1,0,0,0,0,false
weak_clean_20_10_1,55,20,55,898,55,2758,0,0,0,0,0,0,0,0,0,0,55,0,0,0,0,0,0,0,0,0,0,0,0,0,0,1,0,0,0,0,false
weak_clean_20_10_10,55,20,55,912,55,2848,0,0,0,0,0,0,0,0,0,0,55,0,0,0,0,0,0,0,0,0,0,0,0,0,0,1,0,0,0,0,false
weak_clean_20_10_100,55,20,55,894,55,2813,0,0,0,0,0,0,0,0,0,0,55,0,0,0,0,0,0,0,0,0,0,0,0,0,0,1,0,0,0,0,false
weak_messy_10_10_1,55,10,55,549,55,2423,0,0,0,0,0,0,0,0,0,0,55,0,0,0,0,0,0,0,0,0,0,0,0,0,0,1,0,0,0,0,false
weak_messy_10_10_10,55,10,55,549,55,2440,0,0,0,0,0,0,0,0,0,0,55,0,0,0,0,0,0,0,0,0,0,0,0,0,0,1,0,0,0,0,false
weak_messy_10_10_100,55,10,55,548,55,2430,0,0,0,0,0,0,0,0,0,0,55,0,0,0,0,0,0,0,0,0,0,0,0,0,0,1,0,0,0,0,false
weak_messy_20_10_1,55,20,55,1099,55,4785,0,0,0,0,0,0,0,0,0,0,55,0,0,0,0,0,0,0,0,0,0,0,0,0,0,1,0,0,0,0,false
weak_messy_20_10_10,55,20,55,1100,55,4855,0,0,0,0,0,0,0,0,0,0,55,0,0,0,0,0,0,0,0,0,0,0,0,0,0,1,0,0,0,0,false
weak_messy_20_10_100,55,20,55,1099,55,4840,0,0,0,0,0,0,0,0,0,0,55,0,0,0,0,0,0,0,0,0,0,0,0,0,0,1,0,0,0,0,false
